{
  "properties": {
    "connectionReferences": {
      "shared_powerappsforadmins": {
        "runtimeSource": "invoker",
        "connection": {
          "connectionReferenceLogicalName": "nd_sharedpowerappsforadmins_47f2e"
        },
        "api": {
          "name": "shared_powerappsforadmins"
        }
      },
      "shared_commondataserviceforapps": {
        "runtimeSource": "embedded",
        "connection": {
          "connectionReferenceLogicalName": "nd_sharedcommondataserviceforapps_cc487"
        },
        "api": {
          "name": "shared_commondataserviceforapps"
        }
      }
    },
    "definition": {
      "$schema": "https://schema.management.azure.com/providers/Microsoft.Logic/schemas/2016-06-01/workflowdefinition.json#",
      "contentVersion": "1.0.0.0",
      "parameters": {
        "$connections": {
          "defaultValue": {},
          "type": "Object"
        },
        "$authentication": {
          "defaultValue": {},
          "type": "SecureObject"
        }
      },
      "triggers": {
        "manual": {
          "metadata": {
            "operationMetadataId": "9efe8444-da7a-4b15-9edf-7390885dbb1a"
          },
          "type": "Request",
          "kind": "Button",
          "inputs": {
            "schema": {
              "type": "object",
              "properties": {},
              "required": []
            }
          }
        }
      },
      "actions": {
        "Initialize_variable_Log_Updated_App_IDs": {
          "runAfter": {},
          "metadata": {
            "operationMetadataId": "59d62779-2506-481b-90c5-24199b8572ac"
          },
          "type": "InitializeVariable",
          "inputs": {
            "variables": [
              {
                "name": "Log Updated App ID",
                "type": "string"
              }
            ]
          }
        },
        "Get_Apps_as_Admin": {
          "runAfter": {
            "Initialize_variable_Log_Updated_App_IDs": [
              "Succeeded"
            ]
          },
          "metadata": {
            "operationMetadataId": "6277966e-a545-4a6e-832f-26fbd0b4ad65"
          },
          "type": "OpenApiConnection",
          "inputs": {
            "host": {
              "connectionName": "shared_powerappsforadmins",
              "operationId": "Get-AdminApps",
              "apiId": "/providers/Microsoft.PowerApps/apis/shared_powerappsforadmins"
            },
            "parameters": {
              "environment": "@workflow()['tags']['environmentName']",
              "api-version": "2016-11-01",
              "$top": 250
            },
            "authentication": {
              "type": "Raw",
              "value": "@json(decodeBase64(triggerOutputs().headers['X-MS-APIM-Tokens']))['$ConnectionKey']"
            }
          }
        },
        "List_rows": {
          "runAfter": {
            "Get_Apps_as_Admin": [
              "Succeeded"
            ]
          },
          "metadata": {
            "operationMetadataId": "cef1d529-8951-45f1-9195-643c1017ca6d"
          },
          "type": "OpenApiConnection",
          "inputs": {
            "host": {
              "connectionName": "shared_commondataserviceforapps",
              "operationId": "ListRecords",
              "apiId": "/providers/Microsoft.PowerApps/apis/shared_commondataserviceforapps"
            },
            "parameters": {
              "entityName": "nd_apps",
              "$filter": "nd_appname ne null"
            },
            "authentication": {
              "type": "Raw",
              "value": "@json(decodeBase64(triggerOutputs().headers['X-MS-APIM-Tokens']))['$ConnectionKey']"
            }
          }
        },
        "Apply_to_each": {
          "foreach": "@outputs('List_rows')?['body/value']",
          "actions": {
            "Filter_array": {
              "runAfter": {},
              "metadata": {
                "operationMetadataId": "b91ecc7e-39e9-4c94-88a6-4fc6eda55f91"
              },
              "type": "Query",
              "inputs": {
                "from": "@outputs('Get_Apps_as_Admin')?['body/value']",
                "where": "@equals(items('Apply_to_each')?['nd_appname'], item()?['properties/displayName'])"
              }
            },
            "Apply_to_each_2": {
              "foreach": "@body('Filter_array')",
              "actions": {
                "Compose": {
                  "runAfter": {},
                  "metadata": {
                    "operationMetadataId": "f378e071-468c-4ed1-b53f-57131b910086"
                  },
                  "type": "Compose",
                  "inputs": "App Menu ID:  @{items('Apply_to_each')?['nd_powerappid']}\nActual Power Apps ID: @{items('Apply_to_each_2')?['name']}\nApp Display Name: @{items('Apply_to_each_2')?['properties']?['displayName']}"
                },
                "Condition": {
                  "actions": {},
                  "runAfter": {
                    "Compose": [
                      "Succeeded"
                    ]
                  },
                  "else": {
                    "actions": {
                      "Append_to_string_variable": {
                        "runAfter": {},
                        "metadata": {
                          "operationMetadataId": "cb247386-2829-4d52-aa81-410825a600f2"
                        },
                        "type": "AppendToStringVariable",
                        "inputs": {
                          "name": "Log Updated App ID",
                          "value": "App Menu ID:  @{items('Apply_to_each')?['nd_appname']}\nActual Power Apps ID: @{items('Apply_to_each')?['nd_powerappid']}\nUpdated App ID: @{items('Apply_to_each_2')?['name']}\n---"
                        }
                      },
                      "Update_a_row": {
                        "runAfter": {
                          "Append_to_string_variable": [
                            "Succeeded"
                          ]
                        },
                        "metadata": {
                          "operationMetadataId": "92479cbd-c44b-41ce-8963-3d1869061d04"
                        },
                        "type": "OpenApiConnection",
                        "inputs": {
                          "host": {
                            "connectionName": "shared_commondataserviceforapps",
                            "operationId": "UpdateRecord",
                            "apiId": "/providers/Microsoft.PowerApps/apis/shared_commondataserviceforapps"
                          },
                          "parameters": {
                            "entityName": "nd_apps",
                            "recordId": "@items('Apply_to_each')?['nd_appid']",
                            "item/nd_powerappid": "@items('Apply_to_each_2')?['name']"
                          },
                          "authentication": {
                            "type": "Raw",
                            "value": "@json(decodeBase64(triggerOutputs().headers['X-MS-APIM-Tokens']))['$ConnectionKey']"
                          }
                        }
                      }
                    }
                  },
                  "expression": {
                    "equals": [
                      "@items('Apply_to_each')?['nd_powerappid']",
                      "@items('Apply_to_each_2')?['name']"
                    ]
                  },
                  "metadata": {
                    "operationMetadataId": "835a5d8e-6d49-44ee-aeaa-9ab38b28aee8"
                  },
                  "type": "If"
                }
              },
              "runAfter": {
                "Filter_array": [
                  "Succeeded"
                ]
              },
              "metadata": {
                "operationMetadataId": "6c14eba9-66a2-46ff-8954-aa34adf5dbd9"
              },
              "type": "Foreach"
            }
          },
          "runAfter": {
            "List_rows": [
              "Succeeded"
            ]
          },
          "metadata": {
            "operationMetadataId": "a02bb4de-d466-45de-8ea7-aa80abcbba8e"
          },
          "type": "Foreach"
        },
        "Compose_Final_Log": {
          "runAfter": {
            "Apply_to_each": [
              "Succeeded"
            ]
          },
          "metadata": {
            "operationMetadataId": "7a43772b-1d5d-477e-a211-8e9c95880ac6"
          },
          "type": "Compose",
          "inputs": "@variables('Log Updated App ID')"
        }
      }
    },
    "templateName": null
  },
  "schemaVersion": "1.0.0.0"
}